{
    "host": "gtirouter.dsic.upv.es",
    "manager": "manager_yourlogin",
    "manager_password": "secret",
    "service": "service_yourlogin",
    "service_password": "secret",
    "axis": [
		{
            "rank": "BDISoldier",
            "name": "luchador_yourlogin",
            "password": "secret",
            "amount": 21,
            "asl": "luchador.asl"
        }
    ],
     "allied": [
                {
            "rank": "invencibleM.BDIMInvencible",
            "name": "medic_yourlogin",
            "password": "secret",
            "amount": 1,
            "asl": "medic_arena.asl"
        }, 
        {
            "rank": "invencibleF.BDIFInvencible",
            "name": "fieldop_yourlogin",
            "password": "secret",
            "amount": 3,
            "asl": "fieldop_arena.asl"
        }
   ]
  }
